Date;WeekDay;Brazil_Ibovespa;BRL_Dollar;Titulo_CNNBrasil;Url_CNNBrasil;Topics_CNNBrasil;Titulo_CNNNacional;Url_CNNNacional;Topics_CNNNacional;Titulo_CNNInternacional;Url_CNNInternacional;Topics_CNNInternacional;Titulo_CNNPolitica;Url_CNNPolitica;Topics_CNNPolitica;Titulo_CNNBusiness;Url_CNNBusiness;Topics_CNNBusiness
10/01/2023, 00:00:00;Tuesday;109227.0;5.21;"Torres de energia são derrubadas no Paraná e em Rondônia; Aneel cita ""sabotagem e vandalismo""";https://www.cnnbrasil.com.br/business/torres-de-energia-sao-derrubadas-no-parana-e-rondonia-aneel-cita-sabotagem-e-vandalismo/;ANEEL (Agência Nacional de Energia Elétrica), Energia elétrica, ONS (Operador Nacional do Sistema);Policiais que colocaram sacola na cabeça de mulher no RS são denunciados por tortura;https://www.cnnbrasil.com.br/nacional/policiais-que-colocaram-sacola-na-cabeca-de-mulher-no-rs-sao-denunciados-por-tortura/;Ministério Público, PM (Polícia Militar), Rio Grande do Sul, Violência;Artilharia russa está reduzida em quase 75%, dizem autoridades dos EUA;https://www.cnnbrasil.com.br/internacional/artilharia-russa-esta-reduzida-em-quase-75-dizem-autoridades-dos-eua/;Estados Unidos, Rússia, Rússia x Ucrânia, Ucrânia, Vladimir Putin;Policiais sobre críticos ao alojamento no DF: “Eles estavam em acampamentos ao ar livre;https://www.cnnbrasil.com.br/politica/policiais-sobre-criticos-ao-alojamento-no-df-eles-estavam-em-acampamentos-ao-ar-livre/;acampamentos, Ataque aos Três Poderes, Invasão em Brasília, PF (Polícia Federal);BC precisa de mais tempo para voltar a cumprir meta de inflação;https://www.cnnbrasil.com.br/business/bc-precisa-de-mais-tempo-para-voltar-a-cumprir-meta-de-inflacao/;Banco Central (BC), IPCA, Taxa de juros
10/01/2023, 00:00:00;Tuesday;109227.0;5.2;Moraes ordena prisão do ex-comandante da PM do DF;https://www.cnnbrasil.com.br/politica/moraes-ordena-a-prisao-do-ex-comandante-da-policia-militar-do-df/;None;Policiais que colocaram sacola na cabeça de mulher no RS são denunciados por tortura;https://www.cnnbrasil.com.br/nacional/policiais-que-colocaram-sacola-na-cabeca-de-mulher-no-rs-sao-denunciados-por-tortura/;Ministério Público, PM (Polícia Militar), Rio Grande do Sul, Violência;Ucranianos começarão na próxima semana a treinar mísseis nos EUA, dizem autoridades;https://www.cnnbrasil.com.br/internacional/ucranianos-comecarao-na-proxima-semana-a-treinar-misseis-nos-eua-dizem-autoridades/;EUA, Guerra da Ucrânia, Guerras e conflitos, Joe Biden, Ucrânia, Volodymyr Zelensky;Parlamentares debatem se houve abuso na detenção dos invasores da Esplanada;https://www.cnnbrasil.com.br/politica/parlamentares-debatem-se-houve-abuso-na-detencao-dos-invasores-da-esplanada/;Ataque aos Três Poderes, Brasília, Esplanada, Esplanada dos Ministérios, Judiciário, Poder Judiciário, Três Poderes;BC precisa de mais tempo para voltar a cumprir meta de inflação;https://www.cnnbrasil.com.br/business/bc-precisa-de-mais-tempo-para-voltar-a-cumprir-meta-de-inflacao/;Banco Central (BC), IPCA, Taxa de juros
10/01/2023, 00:00:00;Tuesday;109227.0;5.2;Moraes ordena prisão do ex-comandante da PM do DF;https://www.cnnbrasil.com.br/politica/moraes-ordena-a-prisao-do-ex-comandante-da-policia-militar-do-df/;Alexandre de Moraes, Ataque aos Três Poderes, Celina Leão, Flávio Dino, Ibaneis Rocha, Invasão em Brasília, PM (Polícia Militar), STF (Supremo Tribunal Federal);Policiais que colocaram sacola na cabeça de mulher no RS são denunciados por tortura;https://www.cnnbrasil.com.br/nacional/policiais-que-colocaram-sacola-na-cabeca-de-mulher-no-rs-sao-denunciados-por-tortura/;Ministério Público, PM (Polícia Militar), Rio Grande do Sul, Violência;Ucranianos começarão na próxima semana a treinar mísseis nos EUA, dizem autoridades;https://www.cnnbrasil.com.br/internacional/ucranianos-comecarao-na-proxima-semana-a-treinar-misseis-nos-eua-dizem-autoridades/;EUA, Guerra da Ucrânia, Guerras e conflitos, Joe Biden, Ucrânia, Volodymyr Zelensky;Parlamentares debatem se houve abuso na detenção dos invasores da Esplanada;https://www.cnnbrasil.com.br/politica/parlamentares-debatem-se-houve-abuso-na-detencao-dos-invasores-da-esplanada/;Ataque aos Três Poderes, Brasília, Esplanada, Esplanada dos Ministérios, Judiciário, Poder Judiciário, Três Poderes;BC precisa de mais tempo para voltar a cumprir meta de inflação;https://www.cnnbrasil.com.br/business/bc-precisa-de-mais-tempo-para-voltar-a-cumprir-meta-de-inflacao/;Banco Central (BC), IPCA, Taxa de juros
10/01/2023, 00:00:00;Tuesday;109227.0;5.19;"Moraes determina prisão de Anderson Torres; Polícia Federal fez operação na casa dele";https://www.cnnbrasil.com.br/politica/alexandre-de-moraes-determina-prisao-de-anderson-torres/;Alexandre de Moraes, Anderson Torres, Ataque aos Três Poderes, PF (Polícia Federal), STF (Supremo Tribunal Federal);Moraes ordena a prisão de Anderson Torres;https://www.cnnbrasil.com.br/nacional/moraes-ordena-a-prisao-de-anderson-torres/;Agressão Sexual, Alexandre de Moraes, Anderson Torres, Ataque aos Três Poderes, CNN Rádio, Daniel Alves, Energia elétrica, Fatos do Dia CNN, PF (Polícia Federal), STF (Supremo Tribunal Federal);Autoridades encontram explosivos perto da casa da vice-presidente da Colômbia;https://www.cnnbrasil.com.br/internacional/autoridades-encontram-explosivos-perto-da-casa-da-vice-presidente-da-colombia/;América do Sul, atentado, Colômbia;Bolsonaro recebe alta de hospital nos Estados Unidos;https://www.cnnbrasil.com.br/politica/bolsonaro-recebe-alta-de-hospital-nos-estados-unidos/;Jair Bolsonaro;BC precisa de mais tempo para voltar a cumprir meta de inflação;https://www.cnnbrasil.com.br/business/bc-precisa-de-mais-tempo-para-voltar-a-cumprir-meta-de-inflacao/;Banco Central (BC), IPCA, Taxa de juros
11/01/2023, 00:00:00;Wednesday;110912.0;5.16;PGR abre inquérito contra três deputados bolsonaristas por incentivarem ataques aos Três Poderes;https://www.cnnbrasil.com.br/noticias/pgr-abre-inquerito-contra-deputados-por-incentivarem-ataques-aos-tres-poderes/;agusto aras, PGR (Procuradoria-Geral da República);Saiba quem é Suzane von Richthofen, condenada pelo assassinato dos pais;https://www.cnnbrasil.com.br/nacional/saiba-quem-e-suzane-von-richthofen-condenada-pelo-assassinato-dos-pais/;Assassinato, Justiça, Suzane von Richthofen;Primeira-dama dos EUA retira tecido cancerígeno após cirurgia;https://www.cnnbrasil.com.br/internacional/primeira-dama-dos-eua-retira-tecido-cancerigeno-apos-cirurgia/;Câncer de pele, Casa Branca, Estados Unidos, EUA, Jill Biden, Primeira dama;Lula sanciona lei que equipara injúria racial ao crime de racismo;https://www.cnnbrasil.com.br/politica/lula-sanciona-lei-que-equipara-injuria-racial-ao-crime-de-racismo/;Anielle Franco, Congresso, Congresso Nacional, Injúria racial, Luiz Inácio Lula da Silva (Lula), Lula, Presidência da República, Racismo;Americanas acha rombo de R$ 20 bilhões e presidente da empresa renuncia;https://www.cnnbrasil.com.br/business/fato-relevante-americanas-11-jan-23/;Americanas, Balanços, Balanços financeiros, Varejo
12/01/2023, 00:00:00;Thursday;111763.0;5.08;AGU pede bloqueio de R$ 6,5 milhões de 52 pessoas e sete empresas que teriam financiado atos;https://www.cnnbrasil.com.br/politica/agu-pede-bloqueio-de-r-65-milhoes-de-52-pessoas-e-7-empresas-que-teriam-financiado-atos-criminosos/;Ataque aos Três Poderes;Lavagem do Bonfim retorna nesta quinta após dois anos de cancelamento pela Covid;https://www.cnnbrasil.com.br/nacional/lavagem-do-bonfim-retorna-nesta-quinta-apos-dois-anos-de-cancelamento-pela-covid/;Bahia, Religião, Salvador;Casa Branca confirma que novos documentos confidenciais foram encontrados em casa de Biden;https://www.cnnbrasil.com.br/internacional/casa-branca-confirma-que-novos-documentos-confidenciais-foram-encontrados-em-casa-de-biden/;Barack Obama, Casa Branca, EUA, Joe Biden;Parlamentares debatem quais os impactos dos atos criminosos para Jair Bolsonaro;https://www.cnnbrasil.com.br/politica/parlamentares-debatem-quais-os-impactos-dos-atos-criminosos-para-jair-bolsonaro/;Ataque aos Três Poderes, Brasília, Jair Bolsonaro, Painel CNN, Três Poderes;Em leilão, ações da Americanas recuam 75% após anúncio de rombo histórico;https://www.cnnbrasil.com.br/business/acao-da-americanas-cai-75-e-e-negociada-a-r-3-apos-rombo-recorde-na-vespera/;Ações, Americanas, Ibovespa, Lojas Americanas
13/01/2023, 00:00:00;Friday;111877.0;5.14;Governo tem 28,1 mil cargos, funções comissionadas ou gratificações nos 37 ministérios e no Planalto;https://www.cnnbrasil.com.br/politica/governo-tem-281-mil-cargos-funcoes-comissionadas-ou-gratificacoes-nos-37-ministerios-e-no-planalto/;Esplanada dos Ministérios, Luiz Inácio Lula da Silva (Lula), Ministérios, ministros;"Plano “improvável” de Haddad agrada mercado; Americanas vive ressaca após “terremoto”";https://www.cnnbrasil.com.br/nacional/plano-improvavel-de-haddad-agrada-mercado-americanas-vive-ressaca-apos-terremoto/;CNN Money, Dívida pública, Economia, Fernando Haddad, Governo Lula, Mercado, Podcast, Thais Herédia;Estudo identifica fóssil de flor preservado há aproximadamente 40 milhões de anos;https://www.cnnbrasil.com.br/internacional/estudo-identifica-fossil-de-flor-preservado-ha-aproximadamente-40-milhoes-de-anos/;Alemanha, Ciência, Fóssil, Rússia;Lula exonera ex-ministro de Bolsonaro da presidência da Embratur e nomeia Freixo;https://www.cnnbrasil.com.br/politica/lula-exonera-ex-ministro-de-bolsonaro-da-presidencia-da-embratur-e-nomeia-freixo/;Daniela Carneiro, Daniela do Waguinho, Embratur, Gilson Machado, Jair Bolsonaro, Luiz Inácio Lula da Silva (Lula), Marcelo Freixo, Ministério do Turismo, Turismo;Haddad anuncia medidas para reduzir déficit de 2,3% para menos de 1% do PIB em 2023;https://www.cnnbrasil.com.br/business/anuncio-ministerio-fazenda-12-jan-23/;Fernando Haddad, ministério da fazenda, Simone Tebet
13/01/2023, 00:00:00;Friday;111877.0;5.12;Governo tem 28,1 mil cargos, funções comissionadas ou gratificações nos 37 ministérios e no Planalto;https://www.cnnbrasil.com.br/politica/governo-tem-281-mil-cargos-funcoes-comissionadas-ou-gratificacoes-nos-37-ministerios-e-no-planalto/;Esplanada dos Ministérios, Luiz Inácio Lula da Silva (Lula), Ministérios, ministros;Policiais que colocaram sacola na cabeça de mulher em abordagem viram réus por tortura, roubo e ameaça;https://www.cnnbrasil.com.br/nacional/policiais-que-colocaram-sacola-na-cabeca-de-mulher-em-abordagem-viram-reus-por-tortura-roubo-e-ameaca/;Justiça Militar, Ministério Público, PM (Polícia Militar), Rio Grande do Sul, Violência;Estudo identifica fóssil de flor preservado há aproximadamente 40 milhões de anos;https://www.cnnbrasil.com.br/internacional/estudo-identifica-fossil-de-flor-preservado-ha-aproximadamente-40-milhoes-de-anos/;Alemanha, Ciência, Fóssil, Rússia;Senadores debatem se minuta encontrada na casa de Torres configura intenção de golpe;https://www.cnnbrasil.com.br/politica/senadores-debatem-se-minuta-encontrada-na-casa-de-torres-configura-intencao-de-golpe/;Anderson Torres, Brasília, Golpe, Marcos do Val, Omar Aziz, PF (Polícia Federal), Rogério Carvalho, Senado, Três Poderes;Haddad anuncia medidas para reduzir déficit de 2,3% para menos de 1% do PIB em 2023;https://www.cnnbrasil.com.br/business/anuncio-ministerio-fazenda-12-jan-23/;Fernando Haddad, ministério da fazenda, Simone Tebet
13/01/2023, 00:00:00;Friday;111877.0;5.09;PGR pede ao STF inclusão de Bolsonaro em inquérito sobre atos criminosos no DF;https://www.cnnbrasil.com.br/politica/pgr-pede-ao-stf-inclusao-de-bolsonaro-em-inquerito-sobre-atos-em-brasilia/;Ataque aos Três Poderes, Jair Bolsonaro, STF, STF (Supremo Tribunal Federal);CNN tem acesso a conteúdo de depoimento de Ibaneis Rocha;https://www.cnnbrasil.com.br/nacional/cnn-tem-acesso-a-conteudo-de-depoimento-de-ibaneis-rocha/;Anderson Torres, Ataque aos Três Poderes, CNN Rádio, Fatos do Dia CNN, Flamengo, Flávio Dino, Ibaneis Rocha, Mundial de clubes Fifa, STF (Supremo Tribunal Federal);Onda de protestos no Peru impede brasileiras moradoras de SP de sairem do país;https://www.cnnbrasil.com.br/internacional/onda-de-protestos-no-peru-impede-brasileiras-moradoras-de-sp-de-sairem-do-pais/;Dina Boularte, Pedro Castillo, Peru, Protestos;Advogado de Bolsonaro chama ataques em Brasília de “movimentos sociais espontâneos” e nega participação do ex-presidente;https://www.cnnbrasil.com.br/politica/advogado-de-bolsonaro-chama-ataques-em-brasilia-de-movimentos-sociais-espontaneos-e-nega-participacao-do-ex-presidente/;Ataque aos Três Poderes, Brasília, Frederick Wassef, Jair Bolsonaro, PGR (Procuradoria-Geral da República), STF, STF (Supremo Tribunal Federal), Três Poderes;Duas de 9 medidas econômicas anunciadas por Haddad preveem corte de despesas;https://www.cnnbrasil.com.br/business/duas-de-9-medidas-economicas-anunciadas-haddad-preveem-corte-de-despesas/;Fernando Haddad, ministério da fazenda
15/01/2023, 00:00:00;Sunday;111036.0;5.09;Defesas de Ibaneis Rocha e de Anderson Torres divergem sobre ataques criminosos em Brasília;https://www.cnnbrasil.com.br/politica/defesas-de-governador-e-ex-secretario-de-seguranca-de-brasilia-divergem-sobre-ataques-golpistas/;Anderson Torres, Ataque aos Três Poderes, Ibaneis Rocha;Em 48 horas, dois candidatos de concurso da polícia de MG morrem após teste físico;https://www.cnnbrasil.com.br/nacional/em-48-horas-dois-candidatos-de-concurso-da-policia-de-mg-morrem-apos-teste-fisico/;Belo Horizonte, Minas Gerais, Polícia, Prisão, Segurança Pública;Nepal suspende temporariamente buscas após queda de avião que matou ao menos 68;https://www.cnnbrasil.com.br/internacional/nepal-suspende-temporariamente-buscas-apos-queda-de-aviao-que-matou-ao-menos-68/;Acidente, Acidente Aéreo, Aeronaves, Avião, Companhias aéreas, Himalaia, Nepal, Voos, Voos internacionais;Prisão preventiva de Torres pode ajudar a preservar investigações, analisam juristas;https://www.cnnbrasil.com.br/politica/prisao-preventiva-de-torres-pode-ajudar-a-preservar-investigacoes-analisam-juristas/;Anderson Torres, Ataque aos Três Poderes, PF (Polícia Federal), Prisão, Prisão preventiva;“Inverno”, regulação e amadurecimento: as expectativas para criptomoedas em 2023;https://www.cnnbrasil.com.br/business/inverno-regulacao-e-amadurecimento-as-expectativas-para-criptomoedas-em-2023/;2023, Cripto, criptoativos, Criptomoeda, Criptomoedas, inverno cripto, Mercado, Regulação, Tecnologia
16/01/2023, 00:00:00;Monday;111036.0;5.12;Reforçaremos compromisso de sustentabilidade fiscal e ambiental, diz Haddad em Davos;https://www.cnnbrasil.com.br/business/reforcaremos-compromisso-de-sustentabilidade-fiscal-e-ambiental-diz-haddad-em-davos/;Davos, Fernando Haddad, Fórum de Davos, Fórum Econômico Mundial, Marina Silva, Ministro da Fazenda, Priscila Yazbek, Suíça;PF faz operação contra suspeitos de financiarem atos criminosos em Brasília;https://www.cnnbrasil.com.br/nacional/pf-faz-operacao-contra-suspeitos-de-financiarem-atos-criminosos-em-brasilia/;Ataque aos Três Poderes, Atos antidemocráticos, Brasília, Campos dos Goytacazes, PF (Polícia Federal), Rio de Janeiro (estado);Petroleiras são acusadas de “sequestrar o debate sobre clima” em fóruns globais;https://www.cnnbrasil.com.br/internacional/petroleiras-sao-acusadas-de-sequestrar-o-debate-sobre-clima-em-foruns-globais/;COP (Cúpula do Clima), Davos, Fórum de Davos, Fórum Econômico Mundial, Meio ambiente, Petróleo;Tarcísio nomeia PM envolvido no Carandiru para a Administração Penitenciária;https://www.cnnbrasil.com.br/politica/tarcisio-nomeia-pm-envolvido-no-carandiru-para-a-administracao-penitenciaria/;Governo de São Paulo, Massacre do Carandiru, PM (Polícia Militar), Sistema carcerário, Tarcísio de Freitas;Ações da Americanas caem mais de 35% após empresa obter proteção contra credores;https://www.cnnbrasil.com.br/business/acoes-da-americanas-caem-mais-de-35-apos-empresa-obter-protecao-contra-credores/;Ações, Americanas, B3, Bolsa de Valores, Mercado Financeiro
17/01/2023, 00:00:00;Tuesday;109213.0;5.14;PL de Bolsonaro se divide entre oposição branda e ferrenha e até aliança com Lula na Câmara;https://www.cnnbrasil.com.br/politica/pl-de-bolsonaro-se-divide-entre-oposicao-branda-e-ferrenha-e-ate-alianca-com-lula-na-camara/;Câmara dos Deputados, Jair Bolsonaro, Luiz Inácio Lula da Silva (Lula), Partido Liberal (PL), PT (Partido dos Trabalhadores);Mulher tem a mão amputada após parto;https://www.cnnbrasil.com.br/nacional/mulher-tem-a-mao-amputada-apos-parto/;Hospital, Processo judicial, Rio de Janeiro (capital);México proíbe cigarros em espaços públicos;https://www.cnnbrasil.com.br/internacional/mexico-proibe-cigarros-em-espacos-publicos/;Cigarros, Lei, México;PL de Bolsonaro se divide entre oposição branda e ferrenha e até aliança com Lula na Câmara;https://www.cnnbrasil.com.br/politica/pl-de-bolsonaro-se-divide-entre-oposicao-branda-e-ferrenha-e-ate-alianca-com-lula-na-camara/;Câmara dos Deputados, Jair Bolsonaro, Luiz Inácio Lula da Silva (Lula), Partido Liberal (PL), PT (Partido dos Trabalhadores);Ações da Americanas fecham em queda de 38,4% após empresa obter proteção contra credores;https://www.cnnbrasil.com.br/business/acoes-da-americanas-hoje-16-jan-23/;Ações, Americanas, B3, Bolsa de Valores, Mercado Financeiro
17/01/2023, 11:30:42;Tuesday;109213.0;5.12;Custo fiscal em caso de aumento do salário mínimo varia de R$ 7,7 bilhões a R$ 17,1 bilhões, mostram cálculos;https://www.cnnbrasil.com.br/business/custo-fiscal-do-aumento-do-salario-minimo-varia-entre-r-77-bi-e-r-171-bi/;Contas públicas, Fernando Haddad, Governo Lula, salário mínimo;Aluna da USP suspeita de golpe diz que tentou recuperar dinheiro em loteria e perdeu tudo;https://www.cnnbrasil.com.br/nacional/aluna-da-usp-suspeita-de-golpe-diz-que-tentou-recuperar-dinheiro-em-loteria-e-perdeu-tudo/;Golpe, Golpes, Golpistas, Investigação, Loteria, Loterias, PIX, Polícia Civil, São Paulo (capital), USP (Universidade de São Paulo);Belarus promove julgamento à revelia de líder da oposição acusada de traição;https://www.cnnbrasil.com.br/internacional/belarus-leva-lider-da-oposicao-a-julgamento-por-traicao/;Belarus, Invasão à Ucrânia, Rússia, Rússia x Ucrânia, Ucrânia;Rosa Weber suspende parte do decreto de Bolsonaro que indultou policiais do Carandiru;https://www.cnnbrasil.com.br/politica/rosa-weber-suspende-parte-do-decreto-de-bolsonaro-que-indultou-policiais-do-carandiru/;Augusto Aras, Indulto, Jair Bolsonaro, Luiz Fux, Massacre do Carandiru, PGR (Procuradoria-Geral da República), Rosa Weber, STF (Supremo Tribunal Federal);Custo fiscal do aumento do salário mínimo varia entre R$ 7,7 bi e R$ 17,1 bi;https://www.cnnbrasil.com.br/business/custo-fiscal-do-aumento-do-salario-minimo-varia-entre-r-77-bi-e-r-171-bi/;Contas públicas, Fernando Haddad, Governo Lula, salário mínimo
20/01/2023, 09:15:53;Friday;113006.0;5.17;"PF cumpre mandados contra suspeitos de participação em atos criminosos; quatro prisões são confirmadas";https://www.cnnbrasil.com.br/politica/pf-cumpre-mandados-de-prisao-em-5-estados-e-no-df-em-operacao-contra-participantes-de-ataques/;ataque, Brasília, Distrito Federal, PF (Polícia Federal);"BC rebate críticas de Lula com diplomacia; Americanas entra em recuperação judicial";https://www.cnnbrasil.com.br/nacional/bc-rebate-criticas-de-lula-com-diplomacia-americanas-entra-em-recuperacao-judicial/;Americanas, Banco Central (BC), CNN Money, Economia, Governo Lula, Lojas Americanas, Luiz Inácio Lula da Silva (Lula), Podcast, Recuperação judicial, Roberto Campos Neto, Thais Herédia;Franceses em greve levam 1 milhão às ruas em protesto contra nova idade para aposentadoria;https://www.cnnbrasil.com.br/internacional/franceses-em-greve-levam-1-milhao-as-ruas-em-protesto-contra-nova-idade-para-aposentadoria/;None;Operação da PF por atos criminosos em Brasília, Daniel Alves detido na Espanha e mais de 20 de janeiro;https://www.cnnbrasil.com.br/politica/operacao-da-pf-por-atos-criminosos-em-brasilia-daniel-alves-detido-na-espanha-e-mais-de-20-de-janeiro/;Ataque aos Três Poderes, Brasília, Daniel Alves, Distrito Federal, Espanha, Forças Armadas, Luiz Inácio Lula da Silva (Lula), Operação policial, PF (Polícia Federal), USP (Universidade de São Paulo);Americanas: o que você precisa saber antes de clicar em “comprar”;https://www.cnnbrasil.com.br/business/americanas-o-que-voce-precisa-saber-antes-de-clicar-em-comprar/;Americanas, Defesa do consumidor, Idec, Procon, Recuperação judicial
21/01/2023, 08:44:16;Saturday;112301.0;5.21;Desconfiança pós 8 de janeiro leva Lula a reformular arsenal de segurança e inteligência do governo;https://www.cnnbrasil.com.br/politica/desconfianca-pos-8-de-janeiro-leva-lula-a-reformular-arsenal-de-seguranca-e-inteligencia-do-governo/;Ataque aos Três Poderes, Forças Armadas, Luiz Inácio Lula da Silva (Lula), Segurança Pública;Criado-mudo é expressão racista? Entenda a polêmica e o mistério por trás do termo;https://www.cnnbrasil.com.br/nacional/criado-mudo-e-expressao-racista-entenda-a-polemica-e-o-misterio-por-tras-do-termo/;CNN no Plural, Igualdade Racial, Racismo;Alec Baldwin pretende terminar “Rust” apesar de enfrentar acusações de homicídio;https://www.cnnbrasil.com.br/internacional/alec-baldwin-pretende-terminar-rust-apesar-de-enfrentar-acusacoes-de-homicidio/;None;Desconfiança pós 8 de janeiro leva Lula a reformular arsenal de segurança e inteligência do governo;https://www.cnnbrasil.com.br/politica/desconfianca-pos-8-de-janeiro-leva-lula-a-reformular-arsenal-de-seguranca-e-inteligencia-do-governo/;Ataque aos Três Poderes, Forças Armadas, Luiz Inácio Lula da Silva (Lula), Segurança Pública;Americanas encerra último pregão com ações valendo centavos;https://www.cnnbrasil.com.br/business/americanas-valor-acao-hoje-20-jan-23/;Ações, Americanas, B3, Bolsa de Valores, Ibovespa, lojas
21/01/2023, 14:39:01;Saturday;112301.0;5.21;Ministro do Trabalho diz à CNN que não há garantia de mudança no valor do salário mínimo;https://www.cnnbrasil.com.br/business/ministro-do-trabalho-diz-a-cnn-que-nao-ha-garantia-de-mudanca-no-valor-do-salario-minimo/;Governo Federal, Luiz Inácio Lula da Silva (Lula), Luiz Marinho, Ministério do Trabalho;Homem é preso após matar filha de 5 anos com soco para “corrigi-la”;https://www.cnnbrasil.com.br/nacional/homem-e-preso-apos-matar-filha-de-5-anos-com-soco-para-corrigi-la/;Agressão, Assassinato, Minas Gerais, Polícia Civil;Protestos no Peru deixam mais de 50 feridos em meio a aumento das tensões em todo o país;https://www.cnnbrasil.com.br/internacional/protestos-no-peru-deixam-mais-de-50-feridos-em-meio-a-aumento-das-tensoes-em-todo-o-pais/;Governo, Incêndio, Pedro Castillo, Peru;Advogados dizem que Ibaneis Rocha vai entregar celular à PF na segunda;https://www.cnnbrasil.com.br/politica/advogados-dizem-que-ibaneis-rocha-vai-entregar-celular-a-pf-na-segunda/;Brasília, Ibaneis Rocha, PGR (Procuradoria-Geral da República);Americanas se torna 4ª maior recuperação judicial do Brasil;https://www.cnnbrasil.com.br/business/americanas-se-torna-4a-maior-recuperacao-judicial-do-brasil/;Americanas, Lojas Americanas, Recuperação judicial
23/01/2023, 12:24:27;Monday;112301.0;5.19;Moraes determina abertura de mais três inquéritos ligados a atos criminosos de 8 de janeiro;https://www.cnnbrasil.com.br/politica/moraes-determina-abertura-de-mais-tres-inqueritos-ligados-a-atos-criminosos-de-8-de-janeiro/;Alexandre de Moraes, Ataque aos Três Poderes, PGR (Procuradoria-Geral da República), STF (Supremo Tribunal Federal);Aluna denuncia professor da UFPR por episódios de assédio moral;https://www.cnnbrasil.com.br/nacional/aluna-denuncia-professor-da-ufpr-por-episodios-de-assedio-moral/;Assédio moral, Curitiba, Paraná, Redes sociais, TikTok, UFPR, Universidades;Após golpe com arma de choque, porco mata açougueiro em Hong Kong;https://www.cnnbrasil.com.br/internacional/apos-golpe-com-arma-de-choque-porco-mata-acougueiro-em-hong-kong/;#CNNPop, Ásia, Hong Kong, Mortes, Viral;Entregar o celular é tentativa de “demonstrar a boa-fé” de Ibaneis, diz especialista;https://www.cnnbrasil.com.br/politica/entregar-o-celular-e-tentativa-de-demonstrar-a-boa-fe-de-ibaneis-diz-especialista/;Alexandre de Moraes, Anderson Torres, Ataque aos Três Poderes, Ibaneis Rocha, STF (Supremo Tribunal Federal);Brasil vai financiar exportação para Argentina, mas pede garantias;https://www.cnnbrasil.com.br/business/brasil-vai-financiar-exportacao-para-argentina-mas-pede-garantias/;Argentina, Luiz Inácio Lula da Silva (Lula), Moeda
23/01/2023, 15:19:50;Monday;112301.0;5.19;Brasil e Argentina discutem propostas para moeda comum, confirma Lula;https://www.cnnbrasil.com.br/;None;”Se dependesse de mim, Monique Medeiros teria sido demitida há muito tempo”, diz secretário da Educação do Rio;https://www.cnnbrasil.com.br/nacional/se-dependesse-de-mim-monique-medeiros-teria-sido-demitida-ha-muito-tempo-diz-secretario-da-educacao-do-rio/;Dr. Jairinho, Monique Medeiros, Rio de Janeiro (capital), Rio de Janeiro (estado);Alemanha acusa 5 pessoas de conspiração para sequestrar ministro da Saúde e derrubar governo;https://www.cnnbrasil.com.br/internacional/alemanha-acusa-5-pessoas-de-conspiracao-para-sequestrar-ministro-da-saude-e-derrubar-governo/;Alemanha, Crime, Olaf Scholz;“Não foi possível dar certo”, diz Lula sobre demissão de ex-comandante do Exército;https://www.cnnbrasil.com.br/politica/nao-foi-possivel-dar-certo-diz-lula-sobre-demissao-de-ex-comandante-do-exercito/;Alberto Fernández, Argentina, Exército, Forças Armadas, José Múcio Monteiro, Luiz Inácio Lula da Silva (Lula), Lula, Ministério da Defesa;Brasil e Argentina discutem propostas para moeda comum, confirma Lula;https://www.cnnbrasil.com.br/business/brasil-e-argentina-discutem-propostas-para-moeda-comum-confirma-lula/;Argentina, Banco Nacional de Desenvolvimento Econômico e Social (BNDES), Luiz Inácio Lula da Silva (Lula)
24/01/2023, 14:57:51;Tuesday;111709.0;5.15;Ex-comandante da PM diz que não houve facilitação de atos e que Exército impediu retirada de acampamento;https://www.cnnbrasil.com.br/politica/ex-comandante-da-pm-no-df-disse-em-audiencia-que-nao-houve-tentativa-para-facilitar-atos-criminosos-do-dia-8/;Brasília, Distrito Federal, PM (Polícia Militar), Poder Executivo;Ex-participante de A Fazenda é preso acusado de espancar o filho de 5 anos;https://www.cnnbrasil.com.br/nacional/ex-participante-de-a-fazenda-e-preso-acusado-de-espancar-o-filho-de-5-anos/;Agressão, Crianças, Crimes, Lesão corporal, Niterói, Polícia Civil, Rio de janeiro, São Gonçalo (RJ), Tortura;Zelensky promove onda de demissões no governo ucraniano em meio a escândalos de corrupção;https://www.cnnbrasil.com.br/internacional/zelensky-promove-onda-de-demissoes-no-governo-ucraniano-em-meio-a-escandalos-de-corrupcao/;Corrupção, Europa, Guerra, Guerra da Ucrânia, Invasão à Ucrânia, Rússia, Rússia x Ucrânia, Vladimir Putin, Volodymyr Zelensky;À CNN, Dino revela propostas que levará a Lula para reforçar segurança em Brasília;https://www.cnnbrasil.com.br/politica/a-cnn-dino-revela-propostas-que-levara-a-lula-para-reforcar-seguranca-em-brasilia/;Ataque aos Três Poderes, Brasília, Distrito Federal, Flávio Dino, Segurança Pública;Petrobras anuncia alta de 7,46% em preços de venda da gasolina a distribuidoras;https://www.cnnbrasil.com.br/business/petrobras-anuncia-alta-de-precos-de-venda-da-gasolina-para-distribuidoras/;Gasolina, Jean Paul Prates, Petrobras
25/01/2023, 12:15:05;Wednesday;113028.0;5.1;Dívida da Americanas com os maiores bancos brasileiros ultrapassa os R$ 22 bilhões;https://www.cnnbrasil.com.br/business/divida-das-americanas-com-os-maiores-bancos-ultrapassa-os-r-22-bilhoes/;#CasoAmericanas, Americanas, Banco do Brasil, Banco Nacional de Desenvolvimento Econômico e Social (BNDES), Banco Safra, Bradesco, BTG, Caixa Econômica Federal, Itaú Unibanco, Santander;PF faz operação contra fraudes em registros de CAC para compra de armas de fogo;https://www.cnnbrasil.com.br/nacional/pf-faz-operacao-contra-fraudes-em-registros-de-cac-para-compra-de-armas-de-fogo/;Arma, Armas, Armas de Fogo, Colecionador (CAC), Mato Grosso, PF (Polícia Federal), Porte de armas, Posse de armas;Envio de tanques alemães à Ucrânia leva guerra a um novo patamar, diz embaixador russo em Berlim;https://www.cnnbrasil.com.br/internacional/envio-de-tanques-alemaes-a-ucrania-leva-guerra-a-um-novo-patamar-diz-embaixador-russo-em-berlim/;Alemanha, Invasão à Ucrânia, Rússia x Ucrânia, Ucrânia;Senado identifica mais 23 invasores do Congresso e apresentará nova denúncia à PGR;https://www.cnnbrasil.com.br/politica/senado-identifica-mais-23-invasores-do-congresso-e-apresentara-nova-denuncia-a-pgr/;Ataque aos Três Poderes, Augusto Aras, PGR (Procuradoria-Geral da República), Rodrigo Pacheco, Senado;Dívida da Americanas com os maiores bancos brasileiros ultrapassa os R$ 22 bilhões;https://www.cnnbrasil.com.br/business/divida-das-americanas-com-os-maiores-bancos-ultrapassa-os-r-22-bilhoes/;#CasoAmericanas, Americanas, Banco do Brasil, Banco Nacional de Desenvolvimento Econômico e Social (BNDES), Banco Safra, Bradesco, BTG, Caixa Econômica Federal, Itaú Unibanco, Santander
25/01/2023, 15:03:10;Wednesday;113028.0;5.08;Biden anuncia envio de 31 tanques dos EUA à Ucrânia;https://www.cnnbrasil.com.br/internacional/biden-anuncia-envio-de-31-tanques-norte-americanos-para-a-ucrania/;Alemanha, Estados Unidos, EUA, Guerra da Ucrânia, Joe Biden, Kiev, Olaf Scholz, Rússia, Ucrânia, Volodymyr Zelensky;PF instaura inquérito para apurar crimes contra Yanomamis em Roraima;9;None;Biden anuncia envio de 31 tanques norte-americanos para a Ucrânia;https://www.cnnbrasil.com.br/internacional/biden-anuncia-envio-de-31-tanques-norte-americanos-para-a-ucrania/;Alemanha, Estados Unidos, EUA, Guerra da Ucrânia, Joe Biden, Kiev, Olaf Scholz, Rússia, Ucrânia, Volodymyr Zelensky;TCU vai auditar gastos do governo Bolsonaro com indígenas;https://www.cnnbrasil.com.br/politica/tcu-vai-auditar-gastos-do-governo-bolsonaro-com-indigenas/;Bolsonaro, CGU (Controladoria-Geral da União), Indígenas, Jair Bolsonaro, Ministério da Saúde, Povos indígenas, TCU, Tribunal de Contas da União (TCU), Yanomami;Dívida da Americanas com os maiores bancos brasileiros ultrapassa os R$ 22 bilhões;https://www.cnnbrasil.com.br/business/divida-das-americanas-com-os-maiores-bancos-ultrapassa-os-r-22-bilhoes/;#CasoAmericanas, Americanas, Banco do Brasil, Banco Nacional de Desenvolvimento Econômico e Social (BNDES), Banco Safra, Bradesco, BTG, Caixa Econômica Federal, Itaú Unibanco, Santander
25/01/2023, 15:51:14;Wednesday;113028.0;5.07;Biden anuncia envio de 31 tanques dos EUA à Ucrânia;https://www.cnnbrasil.com.br/internacional/biden-anuncia-envio-de-31-tanques-norte-americanos-para-a-ucrania/;Alemanha, Estados Unidos, EUA, Guerra da Ucrânia, Joe Biden, Kiev, Olaf Scholz, Rússia, Ucrânia, Volodymyr Zelensky;Polícia identifica corpo de jovem de 19 anos, vítima de chacina no DF;https://www.cnnbrasil.com.br/nacional/policia-identifica-corpo-de-jovem-de-19-anos-vitima-de-chacina-no-df/;Assassinato, Crime, Distrito Federal, Polícia Civil;Banhistas ignoram aviso de salva-vidas e são “levados” por fortes ondas no Havaí;https://www.cnnbrasil.com.br/internacional/banhistas-ignoram-aviso-de-salva-vidas-e-sao-levados-por-fortes-ondas-no-havai/;#CNNPop, Estados Unidos, EUA, Havaí, Surf, TikTok, Viral;Lula fala em intensificar conversas do Mercosul com União Europeia e possível acordo com China;https://www.cnnbrasil.com.br/politica/lula-fala-em-intensificar-conversas-do-mercosul-com-uniao-europeia-e-possivel-acordo-com-china/;China, Luis Lacalle Pou, Luiz Inácio Lula da Silva (Lula), Mercosul, MERCOSUL (Mercado Comum do Sul), União Europeia, Uruguai;Dívida da Americanas com os maiores bancos brasileiros ultrapassa os R$ 22 bilhões;https://www.cnnbrasil.com.br/business/divida-das-americanas-com-os-maiores-bancos-ultrapassa-os-r-22-bilhoes/;#CasoAmericanas, Americanas, Banco do Brasil, Banco Nacional de Desenvolvimento Econômico e Social (BNDES), Banco Safra, Bradesco, BTG, Caixa Econômica Federal, Itaú Unibanco, Santander
26/01/2023, 15:43:42;Thursday;114195.0;5.07;"Ministério da Saúde começa a aplicar vacinas bivalentes contra a Covid-19 em fevereiro; veja calendário";https://www.cnnbrasil.com.br/saude/ministerio-da-saude-anuncia-cronograma-de-aplicacao-de-vacinas-bivalentes-contra-a-covid-19/;4ª dose, Coronavírus, Covid-19, Dose de reforço, Ministério da Saúde, Ômicron, Pandemia, Vacina, Vacina Coronavírus, Vacina Covid-19, Vacinação;Explosão em imóvel deixa quatro mortos no interior da Bahia;https://www.cnnbrasil.com.br/nacional/explosao-em-imovel-deixa-quatro-mortos-no-interior-da-bahia/;Acidente, Bahia, Corpo de Bombeiros, Explosão, Mortes;Zelensky diz que não está interessado em encontro com Putin para negociar paz;https://www.cnnbrasil.com.br/internacional/zelensky-diz-que-nao-esta-interessado-em-encontro-com-putin-para-negociar-paz/;Rússia, Rússia x Ucrânia, Ucrânia, Vladimir Putin, Volodymyr Zelensky;STF vai incluir novas imagens de ataque à Corte em inquérito que apura ação de autoridades;https://www.cnnbrasil.com.br/politica/stf-vai-incluir-novas-imagens-de-ataque-a-corte-em-inquerito-que-apura-acao-de-autoridades/;Anderson Torres, Ataque aos Três Poderes, Brasília, Distrito Federal, Ibaneis Rocha, Policia Militar, STF (Supremo Tribunal Federal);Jean Paul Prates é eleito presidente e conselheiro da Petrobras;https://www.cnnbrasil.com.br/business/jean-paul-prates-e-eleito-presidente-e-conselheiro-da-petrobras/;Jean Paul Prates, Petrobras
